{
	"powers": [
		"demon:opacity",
		"demon:strength_resistance",
		"demon:particles",
		"demon:weakness",
		"demon:regeneration",
		"demon:demon_armor",
		"demon:meat",
		"demon:hunger_immunity",
		"demon:saturation",
		"demon:wither_ability",
		"demon:filler_two",
		"demon:filler_three"
	],
	"icon": "minecraft:crimson_hyphae",
	"unchoosable": true,
	"upgrades": [
		{
		"condition": "minecraft:end/elytra",
		"origin": "demon:perma_demon_two",
		"announcement": "[Elytra Replication Unlocked]"
		},
		{
		"condition": "minecraft:adventure/kill_all_mobs",
		"origin": "demon:demon_all",
		"announcement": "[Soul Reaper Unlocked]"
		}
	],
	"order": 4,
	"impact": 3,
	"name": "Wither Demon",
	"description": "The Wither evolution of the blood demon, obtained by slaying the Wither. EVOLUTION I"
}
