{
	"powers": [
		"demon:opacity",
		"demon:strength_resistance",
		"demon:particles",
		"demon:weakness",
		"demon:regeneration",
		"demon:demon_armor",
		"demon:meat",
		"demon:hunger_immunity",
		"demon:saturation",
		"demon:wither_ability",
		"demon:second_ability",
		"demon:ability_damage",
		"demon:filler_two"
	],
	"icon": "minecraft:crimson_hyphae",
	"unchoosable": true,
	"upgrades": [
		{
		"condition": "minecraft:end/elytra",
		"origin": "demon:perma_demon_all",
		"announcement": "[Elytra Replication Unlocked]"
		}
	],
	"order": 6,
	"impact": 3,
	"name": "Soul Reaper",
	"description": "The Soul Reaper evolution, obtained by killing all mobs. EVOLUTION II"
}
