{
	"powers": [
		"demon:opacity",
		"demon:strength_resistance",
		"demon:particles",
		"demon:weakness",
		"demon:regeneration",
		"demon:demon_armor",
		"demon:meat",
		"demon:hunger_immunity",
		"demon:saturation",
		"demon:filler_one",
		"demon:filler_two",
		"demon:filler_three"
	],
	"icon": "minecraft:crimson_hyphae",
	"order": 3,
	"impact": 3,
	"upgrades": [
		{
		"condition": "nether:kill_wither",
		"origin": "demon:demon_two",
		"announcement": "[Wither Replication Unlocked]"
		},
		{
		"condition": "minecraft:end/elytra",
		"origin": "demon:perma_demon",
		"announcement": "[Elytra Replication Unlocked]"
		},
		{
		"condition": "minecraft:adventure/kill_all_mobs",
		"origin": "demon:demon_all",
		"announcement": "[Wither Replication And Soul Reaper Unlocked]"
		}
	],
	"name": "Blood Demon",
	"description": "You're a death and blood starved demon, weak at first but you gain strength as you learn more about the world around you and battling your enemies to death."
}
