{
	"powers": [
		"demon:opacity",
		"demon:strength_resistance",
		"demon:particles",
		"demon:weakness",
		"demon:regeneration",
		"demon:demon_armor",
		"demon:meat",
		"demon:hunger_immunity",
		"demon:saturation",
		"demon:perma_elytra",
		"demon:filler_one",
		"demon:filler_three"
	],
	"icon": "minecraft:crimson_hyphae",
	"unchoosable": true,
	"upgrades": [
		{
		"condition": "nether:kill_wither",
		"origin": "demon:perma_demon_two",
		"announcement": "[Wither Replication Unlocked]"
		},
		{
		"condition": "minecraft:adventure/kill_all_mobs",
		"origin": "demon:perma_demon_all",
		"announcement": "[Soul Reaper Unlocked]"
		}
	],
	"order": 5,
	"impact": 3,
	"name": "Winged Demon",
	"description": "The elytra evolution of the blood demon, obtained by finding an elytra. EVOLUTION I"
}
