{
	"powers": [
		"demon:opacity",
		"demon:strength_resistance",
		"demon:particles",
		"demon:weakness",
		"demon:regeneration",
		"demon:demon_armor",
		"demon:meat",
		"demon:hunger_immunity",
		"demon:saturation",
		"demon:perma_elytra",
		"demon:wither_ability",
		"demon:filler_three"
	],
	"icon": "minecraft:crimson_hyphae",
	"unchoosable": true,
	"upgrades": [
		{
		"condition": "minecraft:adventure/kill_all_mobs",
		"origin": "demon:perma_demon_all",
		"announcement": "[Soul Reaper Unlocked]"
		}
	],
	"order": 6,
	"impact": 3,
	"name": "Winged Wither Demon",
	"description": "The Wither and elytra evolution of the blood demon, obtained by slaying the Wither and finding an elytra. EVOLUTION II"
}
