{
	"powers": [
		"demon:opacity",
		"demon:strength_resistance",
		"demon:particles",
		"demon:weakness",
		"demon:regeneration",
		"demon:demon_armor",
		"demon:meat",
		"demon:hunger_immunity",
		"demon:saturation",
		"demon:perma_elytra",
		"demon:wither_ability",
		"demon:second_ability",
		"demon:ability_damage"
	],
	"icon": "minecraft:crimson_hyphae",
	"unchoosable": true,
	"order": 6,
	"impact": 3,
	"name": "Winged Soul Reaper",
	"description": "The elytra Soul Reaper evolution, obtained by killing all mobs and finding an elytra. EVOLUTION III"
}
