{
	"type": "origins:stacking_status_effect",
	"min_stacks": 1,
	"max_stacks": 2,
	"duration_per_stack": 20,
	"effect": {
		"effect": "minecraft:strength",
		"duration": 20,
		"amplifier": 0,
		"is_ambient": false,
		"show_particles": false,
		"show_icon": true
	},
	"condition": {
       "type": "origins:and",
       "conditions": [
			{
			"type": "origins:xp_levels",
			"comparison": ">=",
			"compare_to": 15
			},
			{
			"type": "origins:xp_levels",
			"comparison": "<",
			"compare_to": 60
			}
       ]
    },
	"name": "Level System",
	"description": "We can come up with something later i guess"
}
