{
	"type": "origins:multiple",
	"damage_a": {
		"type": "origins:conditioned_attribute",
		"modifier": {
			"attribute": "generic.attack_damage",
			"operation": "addition",
			"value": 4
		},
		"tick_rate": 1,
		"condition": {
			"type": "origins:and",
			"conditions": [{
				"type": "origins:power_active",
				"power": "demon:second_ability_toggle"
				},
				{
				"type": "origins:resource",
				"resource": "demon:second_ability_resource",
				"comparison": "==",
				"compare_to": 10
				},
				{
				"type": "origins:equipped_item",
				"equipment_slot": "mainhand",
				"item_condition": {
					"type": "origins:ingredient",
					"ingredient": {
						"item": "minecraft:air"
					}
				}
			}]
		}
	},
	"damage_b": {
		"type": "origins:conditioned_attribute",
		"modifier": {
			"attribute": "generic.attack_damage",
			"operation": "addition",
			"value": 14
		},
		"tick_rate": 1,
		"condition": {
			"type": "origins:and",
			"conditions": [{
				"type": "origins:power_active",
				"power": "demon:second_ability_toggle"
				},
				{
				"type": "origins:resource",
				"resource": "demon:second_ability_resource",
				"comparison": "==",
				"compare_to": 20
				},
				{
				"type": "origins:equipped_item",
				"equipment_slot": "mainhand",
				"item_condition": {
					"type": "origins:ingredient",
					"ingredient": {
						"item": "minecraft:air"
					}
				}
			}]
		}
	},
	"damage_c": {
		"type": "origins:conditioned_attribute",
		"modifier": {
			"attribute": "generic.attack_damage",
			"operation": "addition",
			"value": 24
		},
		"tick_rate": 1,
		"condition": {
			"type": "origins:and",
			"conditions": [{
				"type": "origins:power_active",
				"power": "demon:second_ability_toggle"
				},
				{
				"type": "origins:resource",
				"resource": "demon:second_ability_resource",
				"comparison": "==",
				"compare_to": 30
				},
				{
				"type": "origins:equipped_item",
				"equipment_slot": "mainhand",
				"item_condition": {
					"type": "origins:ingredient",
					"ingredient": {
						"item": "minecraft:air"
					}
				}
			}]
		}
	},
	"damage_d": {
		"type": "origins:conditioned_attribute",
		"modifier": {
			"attribute": "generic.attack_damage",
			"operation": "addition",
			"value": 34
		},
		"tick_rate": 1,
		"condition": {
			"type": "origins:and",
			"conditions": [{
				"type": "origins:power_active",
				"power": "demon:second_ability_toggle"
				},
				{
				"type": "origins:resource",
				"resource": "demon:second_ability_resource",
				"comparison": "==",
				"compare_to": 40
				},
				{
				"type": "origins:equipped_item",
				"equipment_slot": "mainhand",
				"item_condition": {
					"type": "origins:ingredient",
					"ingredient": {
						"item": "minecraft:air"
					}
				}
			}]
		}
	},
	"damage_e": {
		"type": "origins:conditioned_attribute",
		"modifier": {
			"attribute": "generic.attack_damage",
			"operation": "addition",
			"value": 44
		},
		"tick_rate": 1,
		"condition": {
			"type": "origins:and",
			"conditions": [{
				"type": "origins:power_active",
				"power": "demon:second_ability_toggle"
				},
				{
				"type": "origins:resource",
				"resource": "demon:second_ability_resource",
				"comparison": "==",
				"compare_to": 50
				},
				{
				"type": "origins:equipped_item",
				"equipment_slot": "mainhand",
				"item_condition": {
					"type": "origins:ingredient",
					"ingredient": {
						"item": "minecraft:air"
					}
				}
			}]
		}
	},
	"damage_f": {
		"type": "origins:conditioned_attribute",
		"modifier": {
			"attribute": "generic.attack_damage",
			"operation": "addition",
			"value": 54
		},
		"tick_rate": 1,
		"condition": {
			"type": "origins:and",
			"conditions": [{
				"type": "origins:power_active",
				"power": "demon:second_ability_toggle"
				},
				{
				"type": "origins:resource",
				"resource": "demon:second_ability_resource",
				"comparison": "==",
				"compare_to": 60
				},
				{
				"type": "origins:equipped_item",
				"equipment_slot": "mainhand",
				"item_condition": {
					"type": "origins:ingredient",
					"ingredient": {
						"item": "minecraft:air"
					}
				}
			}]
		}
	},
	"damage_g": {
		"type": "origins:conditioned_attribute",
		"modifier": {
			"attribute": "generic.attack_damage",
			"operation": "addition",
			"value": 64
		},
		"tick_rate": 1,
		"condition": {
			"type": "origins:and",
			"conditions": [{
				"type": "origins:power_active",
				"power": "demon:second_ability_toggle"
				},
				{
				"type": "origins:resource",
				"resource": "demon:second_ability_resource",
				"comparison": "==",
				"compare_to": 70
				},
				{
				"type": "origins:equipped_item",
				"equipment_slot": "mainhand",
				"item_condition": {
					"type": "origins:ingredient",
					"ingredient": {
						"item": "minecraft:air"
					}
				}
			}]
		}
	},
	"damage_h": {
		"type": "origins:conditioned_attribute",
		"modifier": {
			"attribute": "generic.attack_damage",
			"operation": "addition",
			"value": 74
		},
		"tick_rate": 1,
		"condition": {
			"type": "origins:and",
			"conditions": [{
				"type": "origins:power_active",
				"power": "demon:second_ability_toggle"
				},
				{
				"type": "origins:resource",
				"resource": "demon:second_ability_resource",
				"comparison": "==",
				"compare_to": 80
				},
				{
				"type": "origins:equipped_item",
				"equipment_slot": "mainhand",
				"item_condition": {
					"type": "origins:ingredient",
					"ingredient": {
						"item": "minecraft:air"
					}
				}
			}]
		}
	},
	"damage_i": {
		"type": "origins:conditioned_attribute",
		"modifier": {
			"attribute": "generic.attack_damage",
			"operation": "addition",
			"value": 84
		},
		"tick_rate": 1,
		"condition": {
			"type": "origins:and",
			"conditions": [{
				"type": "origins:power_active",
				"power": "demon:second_ability_toggle"
				},
				{
				"type": "origins:resource",
				"resource": "demon:second_ability_resource",
				"comparison": "==",
				"compare_to": 90
				},
				{
				"type": "origins:equipped_item",
				"equipment_slot": "mainhand",
				"item_condition": {
					"type": "origins:ingredient",
					"ingredient": {
						"item": "minecraft:air"
					}
				}
			}]
		}
	},
	"damage_j": {
		"type": "origins:conditioned_attribute",
		"modifier": {
			"attribute": "generic.attack_damage",
			"operation": "addition",
			"value": 94
		},
		"tick_rate": 1,
		"condition": {
			"type": "origins:and",
			"conditions": [{
				"type": "origins:power_active",
				"power": "demon:second_ability_toggle"
				},
				{
				"type": "origins:resource",
				"resource": "demon:second_ability_resource",
				"comparison": "==",
				"compare_to": 100
				},
				{
				"type": "origins:equipped_item",
				"equipment_slot": "mainhand",
				"item_condition": {
					"type": "origins:ingredient",
					"ingredient": {
						"item": "minecraft:air"
					}
				}
			}]
		}
	},
	"damage_k": {
		"type": "origins:conditioned_attribute",
		"modifier": {
			"attribute": "generic.attack_damage",
			"operation": "addition",
			"value": 104
		},
		"tick_rate": 1,
		"condition": {
			"type": "origins:and",
			"conditions": [{
				"type": "origins:power_active",
				"power": "demon:second_ability_toggle"
				},
				{
				"type": "origins:resource",
				"resource": "demon:second_ability_resource",
				"comparison": "==",
				"compare_to": 110
				},
				{
				"type": "origins:equipped_item",
				"equipment_slot": "mainhand",
				"item_condition": {
					"type": "origins:ingredient",
					"ingredient": {
						"item": "minecraft:air"
					}
				}
			}]
		}
	},
	"damage_l": {
		"type": "origins:conditioned_attribute",
		"modifier": {
			"attribute": "generic.attack_damage",
			"operation": "addition",
			"value": 114
		},
		"tick_rate": 1,
		"condition": {
			"type": "origins:and",
			"conditions": [{
				"type": "origins:power_active",
				"power": "demon:second_ability_toggle"
				},
				{
				"type": "origins:resource",
				"resource": "demon:second_ability_resource",
				"comparison": "==",
				"compare_to": 120
				},
				{
				"type": "origins:equipped_item",
				"equipment_slot": "mainhand",
				"item_condition": {
					"type": "origins:ingredient",
					"ingredient": {
						"item": "minecraft:air"
					}
				}
			}]
		}
	},
	"damage_m": {
		"type": "origins:conditioned_attribute",
		"modifier": {
			"attribute": "generic.attack_damage",
			"operation": "addition",
			"value": 124
		},
		"tick_rate": 1,
		"condition": {
			"type": "origins:and",
			"conditions": [{
				"type": "origins:power_active",
				"power": "demon:second_ability_toggle"
				},
				{
				"type": "origins:resource",
				"resource": "demon:second_ability_resource",
				"comparison": "==",
				"compare_to": 130
				},
				{
				"type": "origins:equipped_item",
				"equipment_slot": "mainhand",
				"item_condition": {
					"type": "origins:ingredient",
					"ingredient": {
						"item": "minecraft:air"
					}
				}
			}]
		}
	},
	"damage_n": {
		"type": "origins:conditioned_attribute",
		"modifier": {
			"attribute": "generic.attack_damage",
			"operation": "addition",
			"value": 134
		},
		"tick_rate": 1,
		"condition": {
			"type": "origins:and",
			"conditions": [{
				"type": "origins:power_active",
				"power": "demon:second_ability_toggle"
				},
				{
				"type": "origins:resource",
				"resource": "demon:second_ability_resource",
				"comparison": "==",
				"compare_to": 140
				},
				{
				"type": "origins:equipped_item",
				"equipment_slot": "mainhand",
				"item_condition": {
					"type": "origins:ingredient",
					"ingredient": {
						"item": "minecraft:air"
					}
				}
			}]
		}
	},
	"damage_o": {
		"type": "origins:conditioned_attribute",
		"modifier": {
			"attribute": "generic.attack_damage",
			"operation": "addition",
			"value": 144
		},
		"tick_rate": 1,
		"condition": {
			"type": "origins:and",
			"conditions": [{
				"type": "origins:power_active",
				"power": "demon:second_ability_toggle"
				},
				{
				"type": "origins:resource",
				"resource": "demon:second_ability_resource",
				"comparison": "==",
				"compare_to": 150
				},
				{
				"type": "origins:equipped_item",
				"equipment_slot": "mainhand",
				"item_condition": {
					"type": "origins:ingredient",
					"ingredient": {
						"item": "minecraft:air"
					}
				}
			}]
		}
	},
	"damage_p": {
		"type": "origins:conditioned_attribute",
		"modifier": {
			"attribute": "generic.attack_damage",
			"operation": "addition",
			"value": 154
		},
		"tick_rate": 1,
		"condition": {
			"type": "origins:and",
			"conditions": [{
				"type": "origins:power_active",
				"power": "demon:second_ability_toggle"
				},
				{
				"type": "origins:resource",
				"resource": "demon:second_ability_resource",
				"comparison": "==",
				"compare_to": 160
				},
				{
				"type": "origins:equipped_item",
				"equipment_slot": "mainhand",
				"item_condition": {
					"type": "origins:ingredient",
					"ingredient": {
						"item": "minecraft:air"
					}
				}
			}]
		}
	},
	"damage_q": {
		"type": "origins:conditioned_attribute",
		"modifier": {
			"attribute": "generic.attack_damage",
			"operation": "addition",
			"value": 164
		},
		"tick_rate": 1,
		"condition": {
			"type": "origins:and",
			"conditions": [{
				"type": "origins:power_active",
				"power": "demon:second_ability_toggle"
				},
				{
				"type": "origins:resource",
				"resource": "demon:second_ability_resource",
				"comparison": "==",
				"compare_to": 170
				},
				{
				"type": "origins:equipped_item",
				"equipment_slot": "mainhand",
				"item_condition": {
					"type": "origins:ingredient",
					"ingredient": {
						"item": "minecraft:air"
					}
				}
			}]
		}
	},
	"damage_r": {
		"type": "origins:conditioned_attribute",
		"modifier": {
			"attribute": "generic.attack_damage",
			"operation": "addition",
			"value": 174
		},
		"tick_rate": 1,
		"condition": {
			"type": "origins:and",
			"conditions": [{
				"type": "origins:power_active",
				"power": "demon:second_ability_toggle"
				},
				{
				"type": "origins:resource",
				"resource": "demon:second_ability_resource",
				"comparison": "==",
				"compare_to": 180
				},
				{
				"type": "origins:equipped_item",
				"equipment_slot": "mainhand",
				"item_condition": {
					"type": "origins:ingredient",
					"ingredient": {
						"item": "minecraft:air"
					}
				}
			}]
		}
	},
	"damage_s": {
		"type": "origins:conditioned_attribute",
		"modifier": {
			"attribute": "generic.attack_damage",
			"operation": "addition",
			"value": 184
		},
		"tick_rate": 1,
		"condition": {
			"type": "origins:and",
			"conditions": [{
				"type": "origins:power_active",
				"power": "demon:second_ability_toggle"
				},
				{
				"type": "origins:resource",
				"resource": "demon:second_ability_resource",
				"comparison": "==",
				"compare_to": 190
				},
				{
				"type": "origins:equipped_item",
				"equipment_slot": "mainhand",
				"item_condition": {
					"type": "origins:ingredient",
					"ingredient": {
						"item": "minecraft:air"
					}
				}
			}]
		}
	},
	"damage_t": {
		"type": "origins:conditioned_attribute",
		"modifier": {
			"attribute": "generic.attack_damage",
			"operation": "addition",
			"value": 194
		},
		"tick_rate": 1,
		"condition": {
			"type": "origins:and",
			"conditions": [{
				"type": "origins:power_active",
				"power": "demon:second_ability_toggle"
				},
				{
				"type": "origins:resource",
				"resource": "demon:second_ability_resource",
				"comparison": "==",
				"compare_to": 200
				},
				{
				"type": "origins:equipped_item",
				"equipment_slot": "mainhand",
				"item_condition": {
					"type": "origins:ingredient",
					"ingredient": {
						"item": "minecraft:air"
					}
				}
			}]
		}
	},
	"damage_u": {
		"type": "origins:conditioned_attribute",
		"modifier": {
			"attribute": "generic.attack_damage",
			"operation": "addition",
			"value": 204
		},
		"tick_rate": 1,
		"condition": {
			"type": "origins:and",
			"conditions": [{
				"type": "origins:power_active",
				"power": "demon:second_ability_toggle"
				},
				{
				"type": "origins:resource",
				"resource": "demon:second_ability_resource",
				"comparison": "==",
				"compare_to": 210
				},
				{
				"type": "origins:equipped_item",
				"equipment_slot": "mainhand",
				"item_condition": {
					"type": "origins:ingredient",
					"ingredient": {
						"item": "minecraft:air"
					}
				}
			}]
		}
	},
	"damage_v": {
		"type": "origins:conditioned_attribute",
		"modifier": {
			"attribute": "generic.attack_damage",
			"operation": "addition",
			"value": 214
		},
		"tick_rate": 1,
		"condition": {
			"type": "origins:and",
			"conditions": [{
				"type": "origins:power_active",
				"power": "demon:second_ability_toggle"
				},
				{
				"type": "origins:resource",
				"resource": "demon:second_ability_resource",
				"comparison": "==",
				"compare_to": 220
				},
				{
				"type": "origins:equipped_item",
				"equipment_slot": "mainhand",
				"item_condition": {
					"type": "origins:ingredient",
					"ingredient": {
						"item": "minecraft:air"
					}
				}
			}]
		}
	},
	"damage_w": {
		"type": "origins:conditioned_attribute",
		"modifier": {
			"attribute": "generic.attack_damage",
			"operation": "addition",
			"value": 224
		},
		"tick_rate": 1,
		"condition": {
			"type": "origins:and",
			"conditions": [{
				"type": "origins:power_active",
				"power": "demon:second_ability_toggle"
				},
				{
				"type": "origins:resource",
				"resource": "demon:second_ability_resource",
				"comparison": "==",
				"compare_to": 230
				},
				{
				"type": "origins:equipped_item",
				"equipment_slot": "mainhand",
				"item_condition": {
					"type": "origins:ingredient",
					"ingredient": {
						"item": "minecraft:air"
					}
				}
			}]
		}
	},
	"damage_x": {
		"type": "origins:conditioned_attribute",
		"modifier": {
			"attribute": "generic.attack_damage",
			"operation": "addition",
			"value": 234
		},
		"tick_rate": 1,
		"condition": {
			"type": "origins:and",
			"conditions": [{
				"type": "origins:power_active",
				"power": "demon:second_ability_toggle"
				},
				{
				"type": "origins:resource",
				"resource": "demon:second_ability_resource",
				"comparison": "==",
				"compare_to": 240
				},
				{
				"type": "origins:equipped_item",
				"equipment_slot": "mainhand",
				"item_condition": {
					"type": "origins:ingredient",
					"ingredient": {
						"item": "minecraft:air"
					}
				}
			}]
		}
	},
	"damage_y": {
		"type": "origins:conditioned_attribute",
		"modifier": {
			"attribute": "generic.attack_damage",
			"operation": "addition",
			"value": 244
		},
		"tick_rate": 1,
		"condition": {
			"type": "origins:and",
			"conditions": [{
				"type": "origins:power_active",
				"power": "demon:second_ability_toggle"
				},
				{
				"type": "origins:resource",
				"resource": "demon:second_ability_resource",
				"comparison": "==",
				"compare_to": 250
				},
				{
				"type": "origins:equipped_item",
				"equipment_slot": "mainhand",
				"item_condition": {
					"type": "origins:ingredient",
					"ingredient": {
						"item": "minecraft:air"
					}
				}
			}]
		}
	},
	"damage_z": {
		"type": "origins:conditioned_attribute",
		"modifier": {
			"attribute": "generic.attack_damage",
			"operation": "addition",
			"value": 254
		},
		"tick_rate": 1,
		"condition": {
			"type": "origins:and",
			"conditions": [{
				"type": "origins:power_active",
				"power": "demon:second_ability_toggle"
				},
				{
				"type": "origins:resource",
				"resource": "demon:second_ability_resource",
				"comparison": "==",
				"compare_to": 260
				},
				{
				"type": "origins:equipped_item",
				"equipment_slot": "mainhand",
				"item_condition": {
					"type": "origins:ingredient",
					"ingredient": {
						"item": "minecraft:air"
					}
				}
			}]
		}
	},
	"damage_aa": {
		"type": "origins:conditioned_attribute",
		"modifier": {
			"attribute": "generic.attack_damage",
			"operation": "addition",
			"value": 264
		},
		"tick_rate": 1,
		"condition": {
			"type": "origins:and",
			"conditions": [{
				"type": "origins:power_active",
				"power": "demon:second_ability_toggle"
				},
				{
				"type": "origins:resource",
				"resource": "demon:second_ability_resource",
				"comparison": "==",
				"compare_to": 270
				},
				{
				"type": "origins:equipped_item",
				"equipment_slot": "mainhand",
				"item_condition": {
					"type": "origins:ingredient",
					"ingredient": {
						"item": "minecraft:air"
					}
				}
			}]
		}
	},
	"damage_ab": {
		"type": "origins:conditioned_attribute",
		"modifier": {
			"attribute": "generic.attack_damage",
			"operation": "addition",
			"value": 274
		},
		"tick_rate": 1,
		"condition": {
			"type": "origins:and",
			"conditions": [{
				"type": "origins:power_active",
				"power": "demon:second_ability_toggle"
				},
				{
				"type": "origins:resource",
				"resource": "demon:second_ability_resource",
				"comparison": "==",
				"compare_to": 280
				},
				{
				"type": "origins:equipped_item",
				"equipment_slot": "mainhand",
				"item_condition": {
					"type": "origins:ingredient",
					"ingredient": {
						"item": "minecraft:air"
					}
				}
			}]
		}
	},
	"damage_ac": {
		"type": "origins:conditioned_attribute",
		"modifier": {
			"attribute": "generic.attack_damage",
			"operation": "addition",
			"value": 284
		},
		"tick_rate": 1,
		"condition": {
			"type": "origins:and",
			"conditions": [{
				"type": "origins:power_active",
				"power": "demon:second_ability_toggle"
				},
				{
				"type": "origins:resource",
				"resource": "demon:second_ability_resource",
				"comparison": "==",
				"compare_to": 290
				},
				{
				"type": "origins:equipped_item",
				"equipment_slot": "mainhand",
				"item_condition": {
					"type": "origins:ingredient",
					"ingredient": {
						"item": "minecraft:air"
					}
				}
			}]
		}
	},
	"damage_ad": {
		"type": "origins:conditioned_attribute",
		"modifier": {
			"attribute": "generic.attack_damage",
			"operation": "addition",
			"value": 294
		},
		"tick_rate": 1,
		"condition": {
			"type": "origins:and",
			"conditions": [{
				"type": "origins:power_active",
				"power": "demon:second_ability_toggle"
				},
				{
				"type": "origins:resource",
				"resource": "demon:second_ability_resource",
				"comparison": ">=",
				"compare_to": 300
				},
				{
				"type": "origins:equipped_item",
				"equipment_slot": "mainhand",
				"item_condition": {
					"type": "origins:ingredient",
					"ingredient": {
						"item": "minecraft:air"
					}
				}
			}]
		}
	},
	"change": {
		"type": "origins:self_action_on_hit",
		"entity_action": {
			"type": "origins:change_resource",
			"resource": "demon:second_ability_resource",
			"change": -301
		},
		"condition": {
			"type": "origins:and",
			"conditions": [{
				"type": "origins:power_active",
				"power": "demon:second_ability_toggle"
				},
				{
				"type": "origins:equipped_item",
				"equipment_slot": "mainhand",
				"item_condition": {
					"type": "origins:ingredient",
					"ingredient": {
						"item": "minecraft:air"
					}
				 }
				},
				{
				"type": "origins:or",
				"conditions": [{
					"type": "origins:resource",
					"resource": "demon:second_ability_resource",
					"comparison": "==",
					"compare_to": 11
					},
					{
					"type": "origins:resource",
					"resource": "demon:second_ability_resource",
					"comparison": "==",
					"compare_to": 21
					},
					{
					"type": "origins:resource",
					"resource": "demon:second_ability_resource",
					"comparison": "==",
					"compare_to": 31
					},
					{
					"type": "origins:resource",
					"resource": "demon:second_ability_resource",
					"comparison": "==",
					"compare_to": 41
					},
					{
					"type": "origins:resource",
					"resource": "demon:second_ability_resource",
					"comparison": "==",
					"compare_to": 51
					},
					{
					"type": "origins:resource",
					"resource": "demon:second_ability_resource",
					"comparison": "==",
					"compare_to": 61
					},
					{
					"type": "origins:resource",
					"resource": "demon:second_ability_resource",
					"comparison": "==",
					"compare_to": 71
					},
					{
					"type": "origins:resource",
					"resource": "demon:second_ability_resource",
					"comparison": "==",
					"compare_to": 81
					},
					{
					"type": "origins:resource",
					"resource": "demon:second_ability_resource",
					"comparison": "==",
					"compare_to": 91
					},
					{
					"type": "origins:resource",
					"resource": "demon:second_ability_resource",
					"comparison": "==",
					"compare_to": 101
					},
					{
					"type": "origins:resource",
					"resource": "demon:second_ability_resource",
					"comparison": "==",
					"compare_to": 111
					},
					{
					"type": "origins:resource",
					"resource": "demon:second_ability_resource",
					"comparison": "==",
					"compare_to": 121
					},
					{
					"type": "origins:resource",
					"resource": "demon:second_ability_resource",
					"comparison": "==",
					"compare_to": 131
					},
					{
					"type": "origins:resource",
					"resource": "demon:second_ability_resource",
					"comparison": "==",
					"compare_to": 141
					},
					{
					"type": "origins:resource",
					"resource": "demon:second_ability_resource",
					"comparison": "==",
					"compare_to": 151
					},
					{
					"type": "origins:resource",
					"resource": "demon:second_ability_resource",
					"comparison": "==",
					"compare_to": 161
					},
					{
					"type": "origins:resource",
					"resource": "demon:second_ability_resource",
					"comparison": "==",
					"compare_to": 171
					},
					{
					"type": "origins:resource",
					"resource": "demon:second_ability_resource",
					"comparison": "==",
					"compare_to": 181
					},
					{
					"type": "origins:resource",
					"resource": "demon:second_ability_resource",
					"comparison": "==",
					"compare_to": 191
					},
					{
					"type": "origins:resource",
					"resource": "demon:second_ability_resource",
					"comparison": "==",
					"compare_to": 201
					},
					{
					"type": "origins:resource",
					"resource": "demon:second_ability_resource",
					"comparison": "==",
					"compare_to": 211
					},
					{
					"type": "origins:resource",
					"resource": "demon:second_ability_resource",
					"comparison": "==",
					"compare_to": 221
					},
					{
					"type": "origins:resource",
					"resource": "demon:second_ability_resource",
					"comparison": "==",
					"compare_to": 231
					},
					{
					"type": "origins:resource",
					"resource": "demon:second_ability_resource",
					"comparison": "==",
					"compare_to": 241
					},
					{
					"type": "origins:resource",
					"resource": "demon:second_ability_resource",
					"comparison": "==",
					"compare_to": 251
					},
					{
					"type": "origins:resource",
					"resource": "demon:second_ability_resource",
					"comparison": "==",
					"compare_to": 261
					},
					{
					"type": "origins:resource",
					"resource": "demon:second_ability_resource",
					"comparison": "==",
					"compare_to": 271
					},
					{
					"type": "origins:resource",
					"resource": "demon:second_ability_resource",
					"comparison": "==",
					"compare_to": 281
					},
					{
					"type": "origins:resource",
					"resource": "demon:second_ability_resource",
					"comparison": "==",
					"compare_to": 291
					},
					{
					"type": "origins:resource",
					"resource": "demon:second_ability_resource",
					"comparison": "==",
					"compare_to": 301
				}]
			}]
		},		
		"cooldown": 0
	},
	"hidden": true
}