{
	"type": "origins:restrict_armor",
	"head": {
		"type": "origins:or",
		"conditions": [{
				"type": "origins:ingredient",
				"ingredient": {
					"item": "minecraft:leather_helmet"
				}
			},
			{
				"type": "origins:ingredient",
				"ingredient": {
					"item": "minecraft:golden_helmet"
				}
			},
			{
				"type": "origins:ingredient",
				"ingredient": {
					"item": "minecraft:iron_helmet"
				}
			},
			{
				"type": "origins:ingredient",
				"ingredient": {
					"item": "minecraft:diamond_helmet"
				}
			}

		]
	},
	"chest": {
		"type": "origins:or",
		"conditions": [{
				"type": "origins:ingredient",
				"ingredient": {
					"item": "minecraft:leather_chestplate"
				}
			},
			{
				"type": "origins:ingredient",
				"ingredient": {
					"item": "minecraft:golden_chestplate"
				}
			},
			{
				"type": "origins:ingredient",
				"ingredient": {
					"item": "minecraft:iron_chestplate"
				}
			},
			{
				"type": "origins:ingredient",
				"ingredient": {
					"item": "minecraft:diamond_chestplate"
				}
			}

		]
	},
	"legs": {
		"type": "origins:or",
		"conditions": [{
				"type": "origins:ingredient",
				"ingredient": {
					"item": "minecraft:leather_leggings"
				}
			},
			{
				"type": "origins:ingredient",
				"ingredient": {
					"item": "minecraft:golden_leggings"
				}
			},
			{
				"type": "origins:ingredient",
				"ingredient": {
					"item": "minecraft:iron_leggings"
				}
			},
			{
				"type": "origins:ingredient",
				"ingredient": {
					"item": "minecraft:diamond_leggings"
				}
			}

		]
	},
	"feet": {
		"type": "origins:or",
		"conditions": [{
				"type": "origins:ingredient",
				"ingredient": {
					"item": "minecraft:leather_boots"
				}
			},
			{
				"type": "origins:ingredient",
				"ingredient": {
					"item": "minecraft:golden_boots"
				}
			},
			{
				"type": "origins:ingredient",
				"ingredient": {
					"item": "minecraft:iron_boots"
				}
			},
			{
				"type": "origins:ingredient",
				"ingredient": {
					"item": "minecraft:diamond_boots"
				}
			}

		]
	},
	"name": "Demon Armor",
	"description": "Your kin despises armor, as it is a sign of weakness in your point of view. But you acknowledge the power of netherite armor and the preciousness of chainmail armor."
}
