{
    "type": "origins:prevent_item_use",
    "item_condition": {
        "type": "origins:and",
        "conditions": [
            {
            "type": "origins:food"
            },
            {
            "type": "origins:ingredient",
            "ingredient": {
            "tag": "namespace:raw_meat"
             },
            "inverted": true
            }
        ]
    },
    "name": "Raw Carnivore",
    "description": "Being a demon, you're only able to eat raw meat. Don't worry however, you are immune to the hunger effect and restore more hunger the higher level you are. LEVEL 15-30-50+"
} 
