{
   "type":"origins:multiple",
   "modify_opacity":{
      "type":"origins:model_color",
      "alpha":0.05,
      "red": 0.9,
	   "green": 0.7,
	   "blue": 0.7,
      "condition":{
         "type":"origins:and",
         "conditions":[
            {
               "type":"origins:xp_levels",
               "comparison":">=",
               "compare_to":0
            },
            {
               "type":"origins:xp_levels",
               "comparison":"<",
               "compare_to":2
            }
         ]
      }
   },
   "modify_opacity_2":{
      "type":"origins:model_color",
      "alpha":0.1,
      "red": 0.9,
	   "green": 0.7,
	   "blue": 0.7,
      "condition":{
         "type":"origins:and",
         "conditions":[
            {
               "type":"origins:xp_levels",
               "comparison":">=",
               "compare_to":2
            },
            {
               "type":"origins:xp_levels",
               "comparison":"<",
               "compare_to":4
            }
         ]
      }
   },
   "modify_opacity_3":{
      "type":"origins:model_color",
      "alpha":0.15,
      "red": 0.9,
	   "green": 0.7,
	   "blue": 0.7,
      "condition":{
         "type":"origins:and",
         "conditions":[
            {
               "type":"origins:xp_levels",
               "comparison":">=",
               "compare_to":4
            },
            {
               "type":"origins:xp_levels",
               "comparison":"<",
               "compare_to":6
            }
         ]
      }
   },
   "modify_opacity_4":{
      "type":"origins:model_color",
      "alpha":0.2,
      "red": 0.9,
	   "green": 0.7,
	   "blue": 0.7,
      "condition":{
         "type":"origins:and",
         "conditions":[
            {
               "type":"origins:xp_levels",
               "comparison":">=",
               "compare_to":6
            },
            {
               "type":"origins:xp_levels",
               "comparison":"<",
               "compare_to":8
            }
         ]
      }
   },
   "modify_opacity_5":{
      "type":"origins:model_color",
      "alpha":0.25,
      "red": 0.9,
	   "green": 0.7,
	   "blue": 0.7,
      "condition":{
         "type":"origins:and",
         "conditions":[
            {
               "type":"origins:xp_levels",
               "comparison":">=",
               "compare_to":8
            },
            {
               "type":"origins:xp_levels",
               "comparison":"<",
               "compare_to":10
            }
         ]
      }
   },
   "modify_opacity_6":{
      "type":"origins:model_color",
      "alpha":0.3,
      "red": 0.8,
      "green": 0.5,
      "blue": 0.5,
      "condition":{
         "type":"origins:and",
         "conditions":[
            {
               "type":"origins:xp_levels",
               "comparison":">=",
               "compare_to":10
            },
            {
               "type":"origins:xp_levels",
               "comparison":"<",
               "compare_to":12
            }
         ]
      }
   },
   "modify_opacity_7":{
      "type":"origins:model_color",
      "alpha":0.35,
      "red": 0.8,
      "green": 0.5,
      "blue": 0.5,
      "condition":{
         "type":"origins:and",
         "conditions":[
            {
               "type":"origins:xp_levels",
               "comparison":">=",
               "compare_to":12
            },
            {
               "type":"origins:xp_levels",
               "comparison":"<",
               "compare_to":14
            }
         ]
      }
   },
   "modify_opacity_8":{
      "type":"origins:model_color",
      "alpha":0.4,
      "red": 0.8,
      "green": 0.5,
      "blue": 0.5,
      "condition":{
         "type":"origins:and",
         "conditions":[
            {
               "type":"origins:xp_levels",
               "comparison":">=",
               "compare_to":14
            },
            {
               "type":"origins:xp_levels",
               "comparison":"<",
               "compare_to":16
            }
         ]
      }
   },
   "modify_opacity_9":{
      "type":"origins:model_color",
      "alpha":0.45,
      "red": 0.8,
      "green": 0.5,
      "blue": 0.5,
      "condition":{
         "type":"origins:and",
         "conditions":[
            {
               "type":"origins:xp_levels",
               "comparison":">=",
               "compare_to":16
            },
            {
               "type":"origins:xp_levels",
               "comparison":"<",
               "compare_to":18
            }
         ]
      }
   },
   "modify_opacity_10":{
      "type":"origins:model_color",
      "alpha":0.5,
      "red": 0.8,
      "green": 0.5,
      "blue": 0.5,
      "condition":{
         "type":"origins:and",
         "conditions":[
            {
               "type":"origins:xp_levels",
               "comparison":">=",
               "compare_to":18
            },
            {
               "type":"origins:xp_levels",
               "comparison":"<",
               "compare_to":20
            }
         ]
      }
   },
   "modify_opacity_11":{
      "type":"origins:model_color",
      "alpha":0.55,
      "red": 0.8,
      "green": 0.35,
      "blue": 0.35,
      "condition":{
         "type":"origins:and",
         "conditions":[
            {
               "type":"origins:xp_levels",
               "comparison":">=",
               "compare_to":20
            },
            {
               "type":"origins:xp_levels",
               "comparison":"<",
               "compare_to":22
            }
         ]
      }
   },
   "modify_opacity_12":{
      "type":"origins:model_color",
      "alpha":0.6,
      "red": 0.8,
      "green": 0.35,
      "blue": 0.35,
      "condition":{
         "type":"origins:and",
         "conditions":[
            {
               "type":"origins:xp_levels",
               "comparison":">=",
               "compare_to":22
            },
            {
               "type":"origins:xp_levels",
               "comparison":"<",
               "compare_to":24
            }
         ]
      }
   },
   "modify_opacity_13":{
      "type":"origins:model_color",
      "alpha":0.65,
      "red": 0.8,
      "green": 0.35,
      "blue": 0.35,
      "condition":{
         "type":"origins:and",
         "conditions":[
            {
               "type":"origins:xp_levels",
               "comparison":">=",
               "compare_to":24
            },
            {
               "type":"origins:xp_levels",
               "comparison":"<",
               "compare_to":26
            }
         ]
      }
   },
   "modify_opacity_14":{
      "type":"origins:model_color",
      "alpha":0.7,
      "red": 0.8,
      "green": 0.35,
      "blue": 0.35,
      "condition":{
         "type":"origins:and",
         "conditions":[
            {
               "type":"origins:xp_levels",
               "comparison":">=",
               "compare_to":26
            },
            {
               "type":"origins:xp_levels",
               "comparison":"<",
               "compare_to":28
            }
         ]
      }
   },
   "modify_opacity_15":{
      "type":"origins:model_color",
      "alpha":0.75,
      "red": 0.8,
      "green": 0.35,
      "blue": 0.35,
      "condition":{
         "type":"origins:and",
         "conditions":[
            {
               "type":"origins:xp_levels",
               "comparison":">=",
               "compare_to":28
            },
            {
               "type":"origins:xp_levels",
               "comparison":"<",
               "compare_to":30
            }
         ]
      }
   },
   "modify_opacity_16":{
      "type":"origins:model_color",
      "alpha":0.8,
      "red": 0.8,
      "green": 0.35,
      "blue": 0.35,
      "condition":{
         "type":"origins:and",
         "conditions":[
            {
               "type":"origins:xp_levels",
               "comparison":">=",
               "compare_to":30
            },
            {
               "type":"origins:xp_levels",
               "comparison":"<",
               "compare_to":32
            }
         ]
      }
   },
   "modify_opacity_17":{
      "type":"origins:model_color",
      "alpha":0.85,
      "red": 0.8,
      "green": 0.35,
      "blue": 0.35,
      "condition":{
         "type":"origins:and",
         "conditions":[
            {
               "type":"origins:xp_levels",
               "comparison":">=",
               "compare_to":32
            },
            {
               "type":"origins:xp_levels",
               "comparison":"<",
               "compare_to":34
            }
         ]
      }
   },
   "modify_opacity_18":{
      "type":"origins:model_color",
      "alpha":0.9,
      "red": 0.8,
      "green": 0.35,
      "blue": 0.35,
      "condition":{
         "type":"origins:and",
         "conditions":[
            {
               "type":"origins:xp_levels",
               "comparison":">=",
               "compare_to":34
            },
            {
               "type":"origins:xp_levels",
               "comparison":"<",
               "compare_to":36
            }
         ]
      }
   },
   "modify_opacity_19":{
      "type":"origins:model_color",
      "alpha":0.95,
      "red": 0.8,
      "green": 0.35,
      "blue": 0.35,
      "condition":{
         "type":"origins:and",
         "conditions":[
            {
               "type":"origins:xp_levels",
               "comparison":">=",
               "compare_to":36
            },
            {
               "type":"origins:xp_levels",
               "comparison":"<",
               "compare_to":38
            }
         ]
      }
   },
   "modify_opacity_20":{
      "type":"origins:model_color",
      "alpha":1.0,
      "red": 0.55,
      "green": 0.2,
      "blue": 0.2,
      "condition":{
         "type":"origins:and",
         "conditions":[
            {
               "type":"origins:xp_levels",
               "comparison":">=",
               "compare_to":38
            }
         ]
      }
   },
   "hidden": true
}
