{
	"type": "origins:stacking_status_effect",
	"min_stacks": 1,
	"max_stacks": 2,
	"duration_per_stack": 40,
	"effect": {
		"effect": "minecraft:regeneration",
		"duration": 0,
		"amplifier": 1,
		"is_ambient": false,
		"show_particles": false,
		"show_icon": true
	},
	"condition": {
		"type":"origins:block_in_radius",
		"block_condition": {
			"type": "origins:block",
			"block": "minecraft:crying_obsidian"
		},
		"radius": 6,
		"shape": "cube",
		"comparison": ">=",
		"compare_to": 1
	},
	"name": "Schadenfreude",
	"description": "Being a Blood Demon, you gain pleasure by witnessing despair. Crying obsidian grants you regeneration and obsidian grants weakness"
}