{
	"type": "origins:multiple",
	"sat1": {
		"type": "origins:modify_food",
		"food_modifier": {
			"operation": "addition",
			"value": 1
		},
		"saturation_modifier": {
			"operation": "addition",
			"value": 1
		},
		"condition": {
			"type": "origins:and",
			"conditions": [
				{
				"type": "origins:xp_levels",
				"comparison": ">=",
				"compare_to": 15
				},
				{
				"type": "origins:xp_levels",
				"comparison": "<",
				"compare_to": 30
				}
			]
		}
	},
	"sat2": {
		"type": "origins:modify_food",
		"food_modifier": {
			"operation": "addition",
			"value": 2
		},
		"saturation_modifier": {
			"operation": "addition",
			"value": 2
		},
		"condition": {
			"type": "origins:and",
			"conditions": [
				{
				"type": "origins:xp_levels",
				"comparison": ">=",
				"compare_to": 30
				},
				{
				"type": "origins:xp_levels",
				"comparison": "<",
				"compare_to": 50
				}
			]
		}
	},
	"sat3": {
		"type": "origins:modify_food",
		"food_modifier": {
			"operation": "addition",
			"value": 3
		},
		"saturation_modifier": {
			"operation": "addition",
			"value": 3
		},
		"condition": {
			"type": "origins:xp_levels",
			"comparison": ">=",
			"compare_to": 50
		}
	},
	"hidden": true
}
