{
	"type": "origins:multiple",
	"strength": {
		"type": "origins:stacking_status_effect",
		"min_stacks": 1,
		"max_stacks": 2,
		"duration_per_stack": 20,
		"effect": {
			"effect": "minecraft:strength",
			"duration": 20,
			"amplifier": 0,
			"is_ambient": false,
			"show_particles": false,
			"show_icon": true
		},
		"condition": {
			"type": "origins:and",
			"conditions": [
				{
				"type": "origins:xp_levels",
				"comparison": ">=",
				"compare_to": 15
				},
				{
				"type": "origins:xp_levels",
				"comparison": "<",
				"compare_to": 60
				}
			]
		}
	},
	"strength_resistance": {
		"type": "origins:stacking_status_effect",
		"min_stacks": 1,
		"max_stacks": 2,
		"duration_per_stack": 20,
		"effect": {
			"effect": "minecraft:resistance",
			"duration": 20,
			"amplifier": 0,
			"is_ambient": false,
			"show_particles": false,
			"show_icon": true
		},
		"condition": {
			"type": "origins:xp_levels",
			"comparison": ">=",
			"compare_to": 30
		}
	},
	"strength_two": {
		"type": "origins:stacking_status_effect",
		"min_stacks": 1,
		"max_stacks": 2,
		"duration_per_stack": 20,
		"effect": {
			"effect": "minecraft:strength",
			"duration": 20,
			"amplifier": 1,
			"is_ambient": false,
			"show_particles": false,
			"show_icon": true
		},
		"condition": {
			"type": "origins:xp_levels",
			"comparison": ">=",
			"compare_to": 60
		}
	},
	"health": {
		"type": "origins:conditioned_attribute",
		"modifier": {
			"attribute": "minecraft:generic.max_health",
			"operation": "addition",
			"value": -4
		},
		"condition": {
			"type": "origins:and",
			"conditions": [
				{
				"type": "origins:xp_levels",
				"comparison": ">=",
				"compare_to": 0
				},
				{
				"type": "origins:xp_levels",
				"comparison": "<",
				"compare_to": 25
				}
			]
		}
	},
	"health_2": {
		"type": "origins:conditioned_attribute",
		"modifier": {
			"attribute": "minecraft:generic.max_health",
			"operation": "addition",
			"value": 0
		},
		"condition": {
			"type": "origins:and",
			"conditions": [
				{
				"type": "origins:xp_levels",
				"comparison": ">=",
				"compare_to": 255555555
				},
				{
				"type": "origins:xp_levels",
				"comparison": "<",
				"compare_to": 60
				}
			]
		}
	},
	"health_3": {
		"type": "origins:conditioned_attribute",
		"modifier": {
			"attribute": "minecraft:generic.max_health",
			"operation": "addition",
			"value": 4
		},
		"condition": {
			"type": "origins:xp_levels",
			"comparison": ">=",
			"compare_to": 60
		}
	},
	"invis": {
		"type": "origins:stacking_status_effect",
		"min_stacks": 1,
		"max_stacks": 2,
		"duration_per_stack": 20,
		"effect": {
			"effect": "minecraft:invisibility",
			"duration": 20,
			"amplifier": 0,
			"is_ambient": false,
			"show_particles": false,
			"show_icon": false
		},
		"condition": {
			"type": "origins:xp_levels",
			"comparison": "<",
			"compare_to": 2
		}
	},
	"less_reach": {
		"type": "origins:conditioned_attribute",
		"modifiers": [{
			"name": "Origin modifier",
			"attribute": "reach-entity-attributes:attack_range",
			"value": -0.5,
			"operation": "addition"
			},
			{
			"name": "Origin modifier",
			"attribute": "reach-entity-attributes:reach",
			"value": -2,
			"operation": "addition"
		}],
		"condition": {
			"type": "origins:xp_levels",
			"comparison": "<",
			"compare_to": 2
		}
	},
	"slowness": {
		"type":"origins:stacking_status_effect",
		"min_stacks":1,
		"max_stacks":2,
		"duration_per_stack":20,
		"effect":{
			"effect":"minecraft:slowness",
			"duration":20,
			"amplifier":0,
			"is_ambient":false,
			"show_particles":false,
			"show_icon":true
		},
		"condition":{
			"type":"origins:xp_levels",
			"comparison":"<",
			"compare_to":7
		}
	},
	"name": "Evolution",
	"description": "The higher level you are, the stronger you get. Invis & Less reach LVL 0-2 - Slowness LVL 0-7 -       Less Hearts LVL 0-25 - Strength LVL 15+ - Resistance LVL 30+ -      More Hearts LVL 50+ - Strength II LVL 50+"
	
}
