{
	"type": "origins:multiple",
	"wither_ability": {
		"type": "origins:active_self",
		"entity_action": {
			"type": "origins:execute_command",
			"command": "effect give @e[distance=1..7] wither 5",
			"permission_level": 4
		},
		"condition": {
			"type": "origins:and",
			"conditions": [
				{
				"type": "origins:xp_levels",
				"comparison": ">=",
				"compare_to": 60
				},
				{
				"type": "origins:xp_levels",
				"comparison": "<",
				"compare_to": 80
				}
			]
		},
		"hud_render": {
			"should_render": true,
			"sprite_location": "origins:textures/gui/community/spiderkolo/resource_bar_01.png",
			"bar_index": 17
		},
		"cooldown": 100,
		"key": "primary"
	},
	"wither_ability_2": {
		"type": "origins:active_self",
		"entity_action": {
			"type": "origins:execute_command",
			"command": "effect give @e[distance=1..7] wither 5 1",
			"permission_level": 4
		},
		"condition": {
			"type": "origins:and",
			"conditions": [
				{
				"type": "origins:xp_levels",
				"comparison": ">=",
				"compare_to": 80
				},
				{
				"type": "origins:xp_levels",
				"comparison": "<",
				"compare_to": 100
				}
			]
		},
		"hud_render": {
			"should_render": true,
			"sprite_location": "origins:textures/gui/community/spiderkolo/resource_bar_01.png",
			"bar_index": 16
		},
		"cooldown": 100,
		"key": "primary"
	},
	"wither_ability_3": {
		"type": "origins:active_self",
		"entity_action": {
			"type": "origins:execute_command",
			"command": "effect give @e[distance=1..7] wither 5 2",
			"permission_level": 4
		},
		"condition": {
			"type": "origins:xp_levels",
			"comparison": ">=",
			"compare_to": 100
		},
		"hud_render": {
			"should_render": true,
			"sprite_location": "origins:textures/gui/community/spiderkolo/resource_bar_01.png",
			"bar_index": 24
		},
		"cooldown": 100,
		"key": "primary"
	},
	"wither_particles": {
		"type": "origins:active_self",
		"entity_action": {
			"type": "origins:execute_command",
			"command": "particle minecraft:dust .2 .2 .2 1 ~ ~ ~ 3 .1 3 10 1500",
			"permission_level": 4
		},
		"condition": {
			"type": "origins:xp_levels",
			"comparison": ">=",
			"compare_to": 60
		},
		"hud_render": {
			"should_render": false
		},
		"cooldown": 100,
		"key": "primary"
	},
	"name": "Wither Replication",
	"description": "After slaying the Wither, you've gained the ability to wither entities in a 7 block radius. LEVEL 60+"
}