{
	"type": "origins:stacking_status_effect",
	"min_stacks": 1,
	"max_stacks": 2,
	"duration_per_stack": 20,
	"effect": {
		"effect": "minecraft:regeneration",
		"duration": 20,
		"amplifier": 0,
		"is_ambient": false,
		"show_particles": false,
		"show_icon": true
	},
	"condition": {
		"type":"origins:block_in_radius",
		"block_condition": {
			"type": "origins:block",
			"block": "minecraft:crying_obsidian"
		},
		"radius": 15,
		"shape": "cube",
		"comparison": ">=",
		"compare_to": 1
	},
	"hidden": true
}