{
	"powers": [
		"demon:zzzzopacity_a",
		"demon:zzzzopacity_b",
		"demon:zzzzopacity_c",
		"demon:zzzzopacity_d",
		"demon:zzzzopacity_e",
		"demon:zzzzopacity_f",
		"demon:zzzzopacity_g",
		"demon:zzzzopacity_h",
		"demon:zzzzopacity_i",
		"demon:zzzzopacity_j",
		"demon:zzzzopacity_k",
		"demon:zzzzopacity_l",
		"demon:zzzzopacity_m",
		"demon:zzzzopacity_n",
		"demon:zzzzopacity_o",
		"demon:zzzzopacity_p",	
		"demon:zzzzopacity_q",
		"demon:zzzzopacity_r",
		"demon:zzzzopacity_s",
		"demon:zzzzopacity_t",
		"demon:zzzzopacity_u",
		"demon:zzzupgrade_one",
		"demon:zzzupgrade_two",
		"demon:zzzupgrade_two_two",
		"demon:zzzupgrade_three",
		"demon:zzzupgrade_three_two",
		"demon:zzzupgrade_four",
		"demon:zzzupgrade_four_two",
		"demon:particles",
		"demon:weakness",
		"demon:regeneration",
		"demon:demon_armor",
		"demon:invis",
		"demon:meat",
		"demon:hunger_immunity",
		"demon:reach",
		"demon:slow"
	],
	"icon": "minecraft:paper",
	"order": 3,
	"impact": 3,
	"name": "demon",
	"description": "The second origin to undergo expermenting."
}
