{
    "__comment": "Made with TheDestruc7i0n's advancements generator: https://advancements.thedestruc7i0n.ca",
    "display": {
        "title": {
            "text": "Wither Slayer",
            "color": "dark_purple",
            "bold": false,
            "italic": false,
            "underlined": false,
            "strikethrough": false,
            "obfuscated": false
        },
        "description": {
            "text": "Kill the wither",
            "color": "white"
        },
        "icon": {
            "item": "minecraft:nether_star"
        },
        "frame": "challenge",
        "show_toast": true,
        "announce_to_chat": true,
        "hidden": true,
        "background": "minecraft:textures/gui/advancements/backgrounds/nether_star.png"
    },
    "criteria": {
        "KIll the wither": {
            "trigger": "minecraft:player_killed_entity",
            "conditions": {
                "entity": {
                    "type": "minecraft:wither"
                }
            }
        }
    }
}